[
  {
    "attribution": "Lion by Arturo Alejandro Romo Escartin from Noun Project",
    "attribution_preview_url": "https://d30y9cdsu7xlg0.cloudfront.net/attribution/10419-600.png",
    "collections": [ ],
    "date_uploaded": "2013-01-24",
    "id": "10419",
    "is_active": "1",
    "is_explicit": "0",
    "license_description": "creative-commons-attribution",
    "nounji_free": "0",
    "permalink": "/term/lion/10419",
    "preview_url": "https://d30y9cdsu7xlg0.cloudfront.net/png/10419-200.png",
    "preview_url_42": "https://d30y9cdsu7xlg0.cloudfront.net/png/10419-42.png",
    "preview_url_84": "https://d30y9cdsu7xlg0.cloudfront.net/png/10419-84.png",
    "sponsor": { },
    "sponsor_campaign_link": null,
    "sponsor_id": "",
    "tags": [
      {
        "id": 10287,
        "slug": "lion"
      },
      {
        "id": 499,
        "slug": "animal"
      },
      {
        "id": 4499,
        "slug": "beast"
      },
      {
        "id": 2508,
        "slug": "jungle"
      },
      {
        "id": 720,
        "slug": "mammal"
      },
      {
        "id": 721,
        "slug": "zoo"
      }
    ],
    "term": "Lion",
    "term_id": 10287,
    "term_slug": "lion",
    "uploader": {
      "location": "",
      "name": "Arturo Alejandro Romo Escartin",
      "permalink": "/Aleks1416",
      "username": "Aleks1416"
    },
    "uploader_id": "24729",
    "year": 2011
  },
  {
    "attribution": "Lion by Road Signs from Noun Project",
    "collections": [ ],
    "date_uploaded": "2013-03-09",
    "icon_url": "https://d30y9cdsu7xlg0.cloudfront.net/noun-svg/13109.svg?Expires=1491776337&Signature=Jj59dnMNxhqlOT4IdHZpyAOpPCW44Zl1VTau-0nU-V8Bjnv-H7o7s2vADtvVXQV7arv1ywzJ4Rzvbfepy2ss~D9VjRq1odkazhRz2Btfh-MXno2S6JoO6rV-my00VP9pamTE2XItav9RTYHgiLII2ZXvMsFDo-0lzDXq0pThyF8_&Key-Pair-Id=APKAI5ZVHAXN65CHVU2Q",
    "id": "13109",
    "is_active": "1",
    "is_explicit": "0",
    "license_description": "public-domain",
    "nounji_free": "0",
    "permalink": "/term/lion/13109",
    "preview_url": "https://d30y9cdsu7xlg0.cloudfront.net/png/13109-200.png",
    "preview_url_42": "https://d30y9cdsu7xlg0.cloudfront.net/png/13109-42.png",
    "preview_url_84": "https://d30y9cdsu7xlg0.cloudfront.net/png/13109-84.png",
    "sponsor": { },
    "sponsor_campaign_link": null,
    "sponsor_id": "",
    "tags": [
      {
        "id": 10287,
        "slug": "lion"
      },
      {
        "id": 499,
        "slug": "animal"
      },
      {
        "id": 4499,
        "slug": "beast"
      },
      {
        "id": 1076,
        "slug": "cat"
      },
      {
        "id": 8407,
        "slug": "wild"
      },
      {
        "id": 721,
        "slug": "zoo"
      }
    ],
    "term": "Lion",
    "term_id": 10287,
    "term_slug": "lion",
    "uploader": {
      "location": "GB",
      "name": "Road Signs",
      "permalink": "/roadsigns",
      "username": "roadsigns"
    },
    "uploader_id": "36998",
    "year": 2013
  }
]